<?xml version="1.0" encoding="UTF-8"?>
<project-private xmlns="http://www.netbeans.org/ns/project-private/1">
    <editor-bookmarks xmlns="http://www.netbeans.org/ns/editor-bookmarks/2" lastBookmarkId="0"/>
    <open-files xmlns="http://www.netbeans.org/ns/projectui-open-files/2">
        <group>
            <file>file:/I:/Escuela/Base%20de%20datos%20II/Programas_java/Vercion_Citi/escuela/src/interfaces/JfrmPrincipal.java</file>
            <file>file:/I:/Escuela/Base%20de%20datos%20II/Programas_java/Vercion_Citi/escuela/src/pruebas/Prueba.java</file>
            <file>file:/I:/Escuela/Base%20de%20datos%20II/Programas_java/Vercion_Citi/escuela/src/persistencia/Persistencia.java</file>
            <file>file:/I:/Escuela/Base%20de%20datos%20II/Programas_java/Vercion_Citi/escuela/src/interfaces/DlgCatalogo.java</file>
            <file>file:/I:/Escuela/Base%20de%20datos%20II/Programas_java/Vercion_Citi/escuela/src/control/Control.java</file>
        </group>
    </open-files>
</project-private>
